,Basename,sample_id,sample_well,sample_plate,sentrix_ID,sentrix_position,time,array_type,gender_donor,gender_recipient,eGFR
1,8942300027_R01C02,145_K1,C03,VRM01,8942300027,R01C02,K1,450K,M,M,High
2,8942300027_R04C02,160_K1,F03,VRM01,8942300027,R04C02,K1,450K,F,M,Low
3,8942300027_R02C02,178_K1,D03,VRM01,8942300027,R02C02,K1,450K,M,M,High
4,8942300027_R05C02,188_K1,G03,VRM01,8942300027,R05C02,K1,450K,F,F,Low
5,8942300027_R06C02,190_K1,H03,VRM01,8942300027,R06C02,K1,450K,M,F,Low
6,8942300027_R03C02,196_K1,E03,VRM01,8942300027,R03C02,K1,450K,M,M,High
7,9296930129_R04C02,58_K1,B02,VRM02b,9296930129,R04C02,K1,450K,F,F,Low
8,9296930129_R01C01,61_K1,A01,VRM02b,9296930129,R01C01,K1,450K,M,F,High
9,9296930129_R03C02,135_K1,A02,VRM02b,9296930129,R03C02,K1,450K,M,M,
10,9296930129_R05C02,136_K1,C02,VRM02b,9296930129,R05C02,K1,450K,F,M,
11,9296930129_R02C01,159_K1,B01,VRM02b,9296930129,R02C01,K1,450K,M,M,High
12,9296930129_R02C02,168_K1,H01,VRM02b,9296930129,R02C02,K1,450K,M,F,High
13,9296930129_R03C01,186_K1,C01,VRM02b,9296930129,R03C01,K1,450K,F,M,Low
14,9296930129_R04C01,187_K1,D01,VRM02b,9296930129,R04C01,K1,450K,F,M,High
15,9296930129_R05C01,192_K1,E01,VRM02b,9296930129,R05C01,K1,450K,F,F,Low
16,9296930129_R06C01,193_K1,F01,VRM02b,9296930129,R06C01,K1,450K,M,F,High
17,9296930129_R01C02,197_K1,G01,VRM02b,9296930129,R01C02,K1,450K,F,F,Low
18,9305651174_R01C01,71_K1,A01,VRM03,9305651174,R01C01,K1,450K,M,F,High
19,9305651174_R03C01,89_K1,C01,VRM03,9305651174,R03C01,K1,450K,F,F,Low
20,9305651174_R02C02,169_K1,H01,VRM03,9305651174,R02C02,K1,450K,M,M,High
21,9305651174_R03C02,170_K1,A02,VRM03,9305651174,R03C02,K1,450K,M,M,Low
22,9305651174_R04C02,175_K1,B02,VRM03,9305651174,R04C02,K1,450K,M,M,High
23,9305651174_R04C01,191_K1,D01,VRM03,9305651174,R04C01,K1,450K,M,M,Low
24,9305651174_R05C01,198_K1,E01,VRM03,9305651174,R05C01,K1,450K,F,F,Low
25,9305651174_R06C01,201_K1,F01,VRM03,9305651174,R06C01,K1,450K,F,M,Low
26,9305651174_R05C02,202_K1,C02,VRM03,9305651174,R05C02,K1,450K,M,M,High
27,9305651174_R01C02,203_K1,G01,VRM03,9305651174,R01C02,K1,450K,F,M,Low
28,9305651174_R06C02,206_K1,D02,VRM03,9305651174,R06C02,K1,450K,F,M,High
29,9305651191_R05C02,92_K1,G03,VRM03,9305651191,R05C02,K1,450K,M,F,Low
30,9305651191_R06C01,132_K1,B03,VRM03,9305651191,R06C01,K1,450K,F,F,High
31,9305651191_R05C01,148_K1,A03,VRM03,9305651191,R05C01,K1,450K,F,M,High
32,9305651191_R04C01,174_K1,H02,VRM03,9305651191,R04C01,K1,450K,F,M,Low
33,9305651191_R06C02,179_K1,H03,VRM03,9305651191,R06C02,K1,450K,F,F,Low
34,9305651191_R03C01,182_K1,G02,VRM03,9305651191,R03C01,K1,450K,F,M,Low
35,9305651191_R01C02,185_K1,C03,VRM03,9305651191,R01C02,K1,450K,M,M,High
36,9305651191_R02C02,199_K1,D03,VRM03,9305651191,R02C02,K1,450K,M,M,High
37,9305651191_R04C02,200_K1,F03,VRM03,9305651191,R04C02,K1,450K,M,F,Low
38,100896160078_R04C02,10_K1,B02,VRM5,100896160078,R04C02,K1,450K,F,M,Low
39,200687170063_R04C01,109_K1,H02,VRM6_01,200687170063,R04C01,K1,450K,M,M,High
40,200687170063_R06C01,151_K1,B03,VRM6_01,200687170063,R06C01,K1,450K,M,F,High
41,200687170063_R02C02,157_K1,D03,VRM6_01,200687170063,R02C02,K1,450K,F,M,High
42,201465900002_R01C01,UVA01_K1,A01,VRM9,201465900002,R01C01,K1,EPIC,M,F,High
43,201465900002_R02C01,UVA02_K1,B01,VRM9,201465900002,R02C01,K1,EPIC,F,M,High
44,201465900002_R03C01,UVA03_K1,C01,VRM9,201465900002,R03C01,K1,EPIC,M,F,High
45,201465900002_R04C01,UVA04_K1,D01,VRM9,201465900002,R04C01,K1,EPIC,M,M,Low
46,201465900002_R05C01,UVA05_K1,E01,VRM9,201465900002,R05C01,K1,EPIC,F,M,High
47,201465900002_R06C01,UVA06_K1,F01,VRM9,201465900002,R06C01,K1,EPIC,M,M,High
48,201465900002_R07C01,UVA07_K1,G01,VRM9,201465900002,R07C01,K1,EPIC,F,F,High
49,202259340119_R07C01,73_K1,G01,VRM11,202259340119,R07C01,K1,EPIC,M,F,Low
50,201465900011_R01C01,133_K1,A02,VRM9,201465900011,R01C01,K1,EPIC,F,F,High
51,201465900011_R02C01,158_K1,B02,VRM9,201465900011,R02C01,K1,EPIC,F,M,
52,201465900011_R03C01,165_K1,C02,VRM9,201465900011,R03C01,K1,EPIC,M,F,High
53,201465900011_R04C01,171_K1,D02,VRM9,201465900011,R04C01,K1,EPIC,F,M,High
54,202240580106_R08C01,65_K1,H01,VRM10,202240580106,R08C01,K1,EPIC,F,M,High
55,202240580106_R01C01,448_K1,A01,VRM10,202240580106,R01C01,K1,EPIC,M,M,High
56,202240580106_R02C01,450_K1,B01,VRM10,202240580106,R02C01,K1,EPIC,M,M,High
57,202240580106_R03C01,453_K1,C01,VRM10,202240580106,R03C01,K1,EPIC,F,M,High
58,202240580106_R04C01,451_K1,D01,VRM10,202240580106,R04C01,K1,EPIC,F,M,High
59,202240580106_R05C01,481_K1,E01,VRM10,202240580106,R05C01,K1,EPIC,M,M,High
60,202240580106_R06C01,456_K1,F01,VRM10,202240580106,R06C01,K1,EPIC,F,M,High
61,202240580106_R07C01,447_K1,G01,VRM10,202240580106,R07C01,K1,EPIC,M,F,High
62,202240580190_R01C01,114_K1,A02,VRM10,202240580190,R01C01,K1,EPIC,,F,High
63,202240580190_R04C01,454_K1,D02,VRM10,202240580190,R04C01,K1,EPIC,F,M,High
64,202240580190_R05C01,480_K1,E02,VRM10,202240580190,R05C01,K1,EPIC,M,F,High
65,202240580190_R06C01,457_K1,F02,VRM10,202240580190,R06C01,K1,EPIC,F,M,High
66,202240580190_R07C01,461_K1,G02,VRM10,202240580190,R07C01,K1,EPIC,F,M,
67,202240580190_R08C01,466_K1,H02,VRM10,202240580190,R08C01,K1,EPIC,F,M,High
68,202240580192_R05C01,115_K1,E03,VRM10,202240580192,R05C01,K1,EPIC,,F,High
69,202240580192_R01C01,444_K1,A03,VRM10,202240580192,R01C01,K1,EPIC,F,M,High
70,202240580192_R02C01,445_K1,B03,VRM10,202240580192,R02C01,K1,EPIC,M,M,High
71,202240580192_R03C01,438_K1,C03,VRM10,202240580192,R03C01,K1,EPIC,F,M,High
72,202240580192_R04C01,443_K1,D03,VRM10,202240580192,R04C01,K1,EPIC,F,M,High
73,202240580192_R07C01,478_K1,G03,VRM10,202240580192,R07C01,K1,EPIC,F,M,High
74,202240580192_R08C01,460_K1,H03,VRM10,202240580192,R08C01,K1,EPIC,F,M,High
75,202240580192_R06C01,134_K1,F03,VRM10,202240580192,R06C01,K1,EPIC,F,M,High
76,202240580208_R01C01,434_K1,A04,VRM10,202240580208,R01C01,K1,EPIC,M,M,Low
77,202240580208_R04C01,479_K1,D04,VRM10,202240580208,R04C01,K1,EPIC,M,M,Low
78,202240580208_R03C01,111_K1,C04,VRM10,202240580208,R03C01,K1,EPIC,F,F,High
79,202259340119_R01C01,67_K1,A01,VRM11,202259340119,R01C01,K1,EPIC,M,M,High
80,202259340119_R03C01,68_K1,C01,VRM11,202259340119,R03C01,K1,EPIC,F,F,High
81,202259340119_R05C01,72_K1,E01,VRM11,202259340119,R05C01,K1,EPIC,M,M,Low
82,202259350001_R06C01,166_K1,F02,VRM11,202259350001,R06C01,K1,EPIC,M,M,Low
83,202259350001_R01C01,84_K1,A02,VRM11,202259350001,R01C01,K1,EPIC,F,M,
84,202259350001_R04C01,116_K1,D02,VRM11,202259350001,R04C01,K1,EPIC,M,F,
85,202259350016_R01C01,184_K1,A03,VRM11,202259350016,R01C01,K1,EPIC,M,F,Low
86,202259350016_R02C01,189_K1,B03,VRM11,202259350016,R02C01,K1,EPIC,M,F,High
87,202259350016_R03C01,207_K1,C03,VRM11,202259350016,R03C01,K1,EPIC,F,F,Low
88,202259350016_R04C01,208_K1,D03,VRM11,202259350016,R04C01,K1,EPIC,M,F,Low
89,202259350137_R03C01,MF106_K1,C04,VRM11,202259350137,R03C01,K1,EPIC,F,M,Low
90,202259350137_R04C01,MF429_K1,D04,VRM11,202259350137,R04C01,K1,EPIC,F,M,
91,202259350137_R05C01,MF483_K1,E04,VRM11,202259350137,R05C01,K1,EPIC,M,M,Low
92,202259350137_R06C01,MF485_K1,F04,VRM11,202259350137,R06C01,K1,EPIC,M,M,High
93,202702240096_R01C01,KUT001_K1,A01,VRM13,202702240096,R01C01,K1,EPIC,F,F,High
94,202702240096_R04C01,KUT005_K1,D01,VRM13,202702240096,R04C01,K1,EPIC,F,F,High
95,202702240096_R06C01,KUT006_K1,F01,VRM13,202702240096,R06C01,K1,EPIC,F,,High
96,202702240096_R08C01,KUT007_K1,H01,VRM13,202702240096,R08C01,K1,EPIC,M,M,Low
97,202702240114_R02C01,KUT008_K1,B02,VRM13,202702240114,R02C01,K1,EPIC,F,M,High
98,202702240114_R04C01,KUT009_K1,D02,VRM13,202702240114,R04C01,K1,EPIC,M,F,High
99,202702240114_R06C01,KUT010_K1,F02,VRM13,202702240114,R06C01,K1,EPIC,F,F,High
100,202702240117_R01C01,KUT012_K1,A03,VRM13,202702240117,R01C01,K1,EPIC,M,F,High
101,202702240117_R03C01,KUT013_K1,C03,VRM13,202702240117,R03C01,K1,EPIC,M,M,High
102,203496240001_R03C01,KUT049_K1,C01,VRM14,203496240001,R03C01,K1,EPIC,F,M,Low
103,203496240001_R05C01,KUT055_K1,E01,VRM14,203496240001,R05C01,K1,EPIC,M,M,Low
104,203496240002_R01C01,KUT072_K1,A02,VRM14,203496240002,R01C01,K1,EPIC,M,M,High
105,203496240002_R03C01,KUT086_K1,C02,VRM14,203496240002,R03C01,K1,EPIC,M,M,Low
106,203496240002_R06C01,KUT102_K1,F02,VRM14,203496240002,R06C01,K1,EPIC,M,F,High
107,203496240002_R07C01,KUT111_K1,G02,VRM14,203496240002,R07C01,K1,EPIC,F,M,High
108,203504430032_R01C01,KUT024_K1,A03,VRM15,203504430032,R01C01,K1,EPIC,M,F,High
109,203504430032_R03C01,KUT027_K1,C03,VRM15,203504430032,R03C01,K1,EPIC,F,F,High
110,203504430032_R05C01,KUT030_K1,E03,VRM15,203504430032,R05C01,K1,EPIC,M,M,High
111,203504430032_R07C01,KUT038_K1,G03,VRM15,203504430032,R07C01,K1,EPIC,F,M,High
112,203504430044_R01C01,KUT048_K1,A04,VRM15,203504430044,R01C01,K1,EPIC,F,M,Low
113,203504430044_R03C01,KUT110_K1,C04,VRM15,203504430044,R03C01,K1,EPIC,M,F,High
114,203504430044_R05C01,KUT116_K1,E04,VRM15,203504430044,R05C01,K1,EPIC,M,F,High
115,204001300103_R01C01,KUT119_K1,A04,VRM16,204001300103,R01C01,K1,EPIC,F,F,High
116,204001300103_R05C01,KUT4_K1,E04,VRM16,204001300103,R05C01,K1,EPIC,F,F,High
117,204001300103_R07C01,KUT128_K1,G04,VRM16,204001300103,R07C01,K1,EPIC,M,M,
118,204001300109_R02C01,KUT132_K1,B06,VRM16,204001300109,R02C01,K1,EPIC,M,M,
119,204001300109_R03C01,KUT133_K1,C06,VRM16,204001300109,R03C01,K1,EPIC,M,F,
120,204001300109_R04C01,NYK487_K1,,VRM16,204001300109,R04C01,K1,EPIC,F,F,High
121,204001300109_R05C01,NYK488_K1,,VRM16,204001300109,R05C01,K1,EPIC,M,F,High
122,204001300109_R06C01,NYK489_K1,,VRM16,204001300109,R06C01,K1,EPIC,M,M,High
123,204001300109_R07C01,NYK490_K1,,VRM16,204001300109,R07C01,K1,EPIC,F,M,Low
124,204001300109_R08C01,NYK491_K1,,VRM16,204001300109,R08C01,K1,EPIC,F,F,High
125,204001350016_R01C01,NYK509_K1,,VRM16,204001350016,R01C01,K1,EPIC,M,F,
126,204001350016_R02C01,NYK512_K1,,VRM16,204001350016,R02C01,K1,EPIC,M,M,Low
127,204001350016_R03C01,NYK513_K1,,VRM16,204001350016,R03C01,K1,EPIC,M,M,Low
128,204001350016_R04C01,NYK514_K1,,VRM16,204001350016,R04C01,K1,EPIC,F,M,
129,204001350016_R05C01,NYK515_K1,,,204001350016,R05C01,K1,EPIC,F,M,
130,204001350016_R08C01,NYK519_K1,,VRM16,204001350016,R08C01,K1,EPIC,F,M,
131,204001350107_R05C01,KUT052_K1,E05,VRM16,204001350107,R05C01,K1,EPIC,M,M,
132,204001350107_R06C01,KUT070_K1,F05,VRM16,204001350107,R06C01,K1,EPIC,M,F,
133,204001350107_R07C01,KUT071_K1,G05,VRM16,204001350107,R07C01,K1,EPIC,M,M,
134,204001350107_R08C01,KUT096_K1,H05,VRM16,204001350107,R08C01,K1,EPIC,F,M,
135,204001350112_R02C01,NYK493_K1,,VRM16,204001350112,R02C01,K1,EPIC,F,F,
136,204001350112_R03C01,NYK494_K1,,VRM16,204001350112,R03C01,K1,EPIC,M,M,
137,204001350112_R04C01,NYK500_K1,,VRM16,204001350112,R04C01,K1,EPIC,F,F,
138,204001350112_R05C01,NYK501_K1,,VRM16,204001350112,R05C01,K1,EPIC,M,M,
139,204001350112_R06C01,NYK503_K1,,VRM16,204001350112,R06C01,K1,EPIC,F,M,
140,202702240117_R06C01,108_K1,F03,VRM13,202702240117,R06C01,K1,EPIC,F,M,
141,202702240117_R08C01,149_K1,H03,VRM13,202702240117,R08C01,K1,EPIC,M,F,
142,202702240249_R03C01,SEN003_K1,C04,VRM13,202702240249,R03C01,K1,EPIC,M,M,
143,203496240001_R07C01,KUT061_K1,G01,VRM14,203496240001,R07C01,K1,EPIC,M,M,
144,204001350107_R01C01,KUT130_K1,,,204001350107,R01C01,K1,EPIC,,,
145,204001350107_R03C01,KUT131_K1,,,204001350107,R03C01,K1,EPIC,,,
146,200687170042_R06C02,58_K2,D02,VRM6,200687170042,R06C02,K2,450K,F,F,Low
147,200687170063_R01C01,61_K2,E02,VRM6,200687170063,R01C01,K2,450K,M,F,High
148,202259340119_R02C01,67_K2,B01,VRM11,202259340119,R02C01,K2,EPIC,M,F,High
149,202259340119_R04C01,68_K2,D01,VRM11,202259340119,R04C01,K2,EPIC,F,F,High
150,202259340119_R06C01,72_K2,F01,VRM11,202259340119,R06C01,K2,EPIC,M,M,Low
151,202259340119_R08C01,73_K2,H01,VRM11,202259340119,R08C01,K2,EPIC,M,F,Low
152,202259350001_R02C01,84_K2,B02,VRM11,202259350001,R02C01,K2,EPIC,M,57,
153,200687170063_R03C01,92_K2,G02,VRM6,200687170063,R03C01,K2,450K,M,F,Low
154,202702240117_R07C01,108_K2,G03,VRM13,202702240117,R07C01,K2,EPIC,,,
155,200687170063_R05C01,109_K2,A03,VRM6,200687170063,R05C01,K2,450K,M,M,High
156,202702240249_R02C01,149_K2,B04,VRM13,202702240249,R02C01,K2,EPIC,male,51,High
157,200687170063_R01C02,151_K2,C03,VRM6,200687170063,R01C02,K2,450K,M,F,High
158,200687170063_R03C02,157_K2,E03,VRM6,200687170063,R03C02,K2,450K,F,M,High
159,200687170063_R04C02,160_K2,F03,VRM6,200687170063,R04C02,K2,450K,M,M,High
160,202702240249_R04C01,SEN003_K2,D04,VRM13,202702240249,R04C01,K2,EPIC,,,
161,202259350016_R05C01,UVA01_K2,E03,VRM11,202259350016,R05C01,K2,EPIC,M,F,High
162,202259350016_R06C01,UVA02_K2,F03,VRM11,202259350016,R06C01,K2,EPIC,F,M,High
163,202259350016_R07C01,UVA03_K2,G03,VRM11,202259350016,R07C01,K2,EPIC,M,F,High
164,202259350016_R08C01,UVA04_K2,H03,VRM11,202259350016,R08C01,K2,EPIC,M,M,Low
165,202259350137_R01C01,UVA05_K2,A04,VRM11,202259350137,R01C01,K2,EPIC,F,M,High
166,202259350137_R02C01,UVA06_K2,B04,VRM11,202259350137,R02C01,K2,EPIC,M,M,High
167,202702240096_R02C01,KUT001_K2,B01,VRM13,202702240096,R02C01,K2,EPIC,F,F,
168,202702240096_R05C01,KUT005_K2,E01,VRM13,202702240096,R05C01,K2,EPIC,F,F,
169,202702240096_R07C01,KUT006_K2,G01,VRM13,202702240096,R07C01,K2,EPIC,F,,
170,202702240114_R01C01,KUT007_K2,A02,VRM13,202702240114,R01C01,K2,EPIC,M,M,
171,202702240114_R03C01,KUT008_K2,C02,VRM13,202702240114,R03C01,K2,EPIC,F,M,
172,202702240114_R05C01,KUT009_K2,E02,VRM13,202702240114,R05C01,K2,EPIC,M,F,
173,202702240114_R07C01,KUT010_K2,G02,VRM13,202702240114,R07C01,K2,EPIC,F,F,
174,202702240117_R02C01,KUT012_K2,B03,VRM13,202702240117,R02C01,K2,EPIC,M,F,
175,202702240117_R04C01,KUT013_K2,D03,VRM13,202702240117,R04C01,K2,EPIC,M,M,
176,203496240001_R04C01,KUT049_K2,D01,VRM14,203496240001,R04C01,K2,EPIC,F,M,
177,203496240001_R06C01,KUT055_K2,F01,VRM14,203496240001,R06C01,K2,EPIC,M,M,
178,203496240001_R08C01,KUT061_K2,H01,VRM14,203496240001,R08C01,K2,EPIC,M,M,
179,203496240002_R02C01,KUT072_K2,B02,VRM14,203496240002,R02C01,K2,EPIC,M,M,
180,203496240002_R04C01,KUT086_K2,D02,VRM14,203496240002,R04C01,K2,EPIC,M,F,
181,203496240002_R05C01,KUT102_K2,E02,VRM14,203496240002,R05C01,K2,EPIC,F,M,
182,203496240002_R08C01,KUT111_K2,H02,VRM14,203496240002,R08C01,K2,EPIC,F,M,
183,203504430032_R02C01,KUT024_K2,B03,VRM15,203504430032,R02C01,K2,EPIC,M,F,
184,203504430032_R04C01,KUT027_K2,D03,VRM15,203504430032,R04C01,K2,EPIC,F,F,
185,203504430032_R06C01,KUT030_K2,F03,VRM15,203504430032,R06C01,K2,EPIC,M,M,
186,203504430032_R08C01,KUT038_K2,H03,VRM15,203504430032,R08C01,K2,EPIC,F,M,
187,203504430044_R02C01,KUT048_K2,B04,VRM15,203504430044,R02C01,K2,EPIC,F,M,
188,203504430044_R04C01,KUT110_K2,D04,VRM15,203504430044,R04C01,K2,EPIC,M,F,
189,203504430044_R06C01,KUT116_K2,F04,VRM15,203504430044,R06C01,K2,EPIC,M,F,
190,204001300103_R02C01,KUT119_K2,,,204001300103,R02C01,K2,EPIC,M,F,
191,204001300103_R04C01,KUT4_K2,,,204001300103,R04C01,K2,EPIC,F,F,
192,204001300103_R08C01,KUT128_K2,,,204001300103,R08C01,K2,EPIC,F,F,
193,204001350107_R02C01,KUT130_K2,,,204001350107,R02C01,K2,EPIC,,,
194,204001350107_R04C01,KUT131_K2,,,204001350107,R04C01,K2,EPIC,,,
